{"cameraMode":{"drawMode":0,"name":"Shaded","section":"Shading Mode"},"sceneLighting":true,"audioPlay":false,"sceneViewState":{"showFog":false,"showMaterialUpdate":false,"showSkybox":false,"showFlares":false,"showImageEffects":false,"showParticleSystems":true},"in2DMode":false,"pivot":{"x":-83.32172393798828,"y":-77.82493591308594,"z":-110.04791259765625},"rotation":{"x":0.08203867077827454,"y":-0.9134308695793152,"z":0.23023198544979096,"w":0.3254711925983429},"size":252.9584503173828,"orthographic":false}